,n_sample_1,n_sample_2,n_sample_4,n_sample_8,original
loss,0.606519897778829,0.5196633835633596,0.6492003202438354,0.6343102852503458,0.46788889169692993
accuracy,0.8351705074310303,0.8433229923248291,0.820128599802653,0.8513606588045756,0.8403375744819641
precision,0.8224982817967733,0.843214233716329,0.7859555880228678,0.8676283558209738,0.8157216310501099
recall,0.8567139903704325,0.8415887355804443,0.8785359660784403,0.8273871541023254,0.8770349621772766
auc,0.9072970747947693,0.9213329752286276,0.905506948630015,0.9100861748059591,0.9228132963180542
f1_score,0.8380202993394334,0.8423432332855373,0.829407134938771,0.8469884410336396,0.8452678816287655
