,n_sample_1,n_sample_2,n_sample_4,n_sample_8,original
loss,0.5486668944358826,0.4729444086551666,0.4555031855901082,0.4964954157670339,0.47746220231056213
accuracy,0.8402227560679117,0.8350556890169779,0.8416580557823181,0.8432655731836954,0.8391319513320923
precision,0.8354780475298563,0.8275732596715292,0.8406474987665812,0.8656899929046631,0.8536761999130249
recall,0.8467844327290853,0.8490936358769735,0.8411268989245096,0.8116845488548279,0.8164184093475342
auc,0.9129326343536377,0.9187774658203125,0.9213225642840067,0.9144346912701925,0.9166494607925415
f1_score,0.8403782620980715,0.8369521649432063,0.8408640834549104,0.8374704095064458,0.8346317165102638
